{"cameraMode":{"drawMode":0,"name":"Shaded","section":"Shading Mode"},"sceneLighting":false,"audioPlay":false,"sceneViewState":{"m_AlwaysRefresh":false,"showFog":true,"showSkybox":false,"showFlares":true,"showImageEffects":true,"showParticleSystems":true,"showVisualEffectGraphs":true,"m_FxEnabled":true},"in2DMode":false,"pivot":{"x":11.263829231262207,"y":5.062014102935791,"z":46.47944641113281},"rotation":{"x":0.052537258714437488,"y":0.5249269604682922,"z":-0.03248719125986099,"w":0.8489029407501221},"size":10.129740715026856,"orthographic":false}