{"cameraMode":{"drawMode":0,"name":"Shaded","section":"Shading Mode"},"sceneLighting":true,"audioPlay":false,"sceneViewState":{"m_AlwaysRefresh":false,"showFog":true,"showSkybox":true,"showFlares":true,"showImageEffects":true,"showParticleSystems":true,"showVisualEffectGraphs":true,"m_FxEnabled":true},"in2DMode":false,"pivot":{"x":18.404354095458986,"y":11.193541526794434,"z":-17.929697036743165},"rotation":{"x":0.00043038299190811813,"y":-0.9802056550979614,"z":0.19818462431430818,"w":0.0017165399622172118},"size":5.0886969566345219,"orthographic":true}