{"cameraMode":{"drawMode":0,"name":"Shaded","section":"Shading Mode"},"sceneLighting":true,"audioPlay":false,"sceneViewState":{"m_AlwaysRefresh":false,"showFog":true,"showSkybox":true,"showFlares":true,"showImageEffects":true,"showParticleSystems":true,"showVisualEffectGraphs":true,"m_FxEnabled":true},"in2DMode":false,"pivot":{"x":118.20668029785156,"y":137.44039916992188,"z":158.76658630371095},"rotation":{"x":0.0864560604095459,"y":-0.9135271310806274,"z":0.28859004378318789,"w":0.2735430598258972},"size":34.24284362792969,"orthographic":true}