{"cameraMode":{"drawMode":0,"name":"Shaded","section":"Shading Mode"},"sceneLighting":true,"audioPlay":false,"sceneViewState":{"m_AlwaysRefresh":false,"showFog":true,"showSkybox":true,"showFlares":true,"showImageEffects":true,"showParticleSystems":true,"showVisualEffectGraphs":true,"m_FxEnabled":true},"in2DMode":false,"pivot":{"x":-13.700996398925782,"y":14.265795707702637,"z":83.92279052734375},"rotation":{"x":0.11517572402954102,"y":0.8783348798751831,"z":-0.26623401045799258,"w":0.37997856736183169},"size":19.10775375366211,"orthographic":false}