{"cameraMode":{"drawMode":0,"name":"Shaded","section":"Shading Mode"},"sceneLighting":true,"audioPlay":false,"sceneViewState":{"m_AlwaysRefresh":false,"showFog":true,"showSkybox":true,"showFlares":true,"showImageEffects":true,"showParticleSystems":true,"showVisualEffectGraphs":true,"m_FxEnabled":true},"in2DMode":false,"pivot":{"x":5.160264492034912,"y":27.144454956054689,"z":14.299067497253418},"rotation":{"x":-0.15440919995307923,"y":-0.17359918355941773,"z":0.02758011594414711,"w":-0.9722533226013184},"size":38.45652389526367,"orthographic":true}