{"cameraMode":{"drawMode":0,"name":"Shaded","section":"Shading Mode"},"sceneLighting":true,"audioPlay":false,"sceneViewState":{"m_AlwaysRefresh":false,"showFog":true,"showSkybox":true,"showFlares":true,"showImageEffects":true,"showParticleSystems":true,"showVisualEffectGraphs":true,"m_FxEnabled":true},"in2DMode":false,"pivot":{"x":91.60200500488281,"y":1.8056532144546509,"z":-27.34685707092285},"rotation":{"x":0.0029293003026396038,"y":0.1966879516839981,"z":-0.0006374611402861774,"w":0.9805036783218384},"size":1.6481709480285645,"orthographic":true}