{"cameraMode":{"drawMode":0,"name":"Shaded","section":"Shading Mode"},"sceneLighting":true,"audioPlay":false,"sceneViewState":{"m_AlwaysRefresh":false,"showFog":true,"showSkybox":true,"showFlares":true,"showImageEffects":true,"showParticleSystems":true,"showVisualEffectGraphs":true,"m_FxEnabled":true},"in2DMode":false,"pivot":{"x":17.64790916442871,"y":0.03798433765769005,"z":-35.400001525878909},"rotation":{"x":0.30854320526123049,"y":-0.6249127388000488,"z":0.29496094584465029,"w":0.6536840200424194},"size":15.120186805725098,"orthographic":true}