{"cameraMode":{"drawMode":0,"name":"Shaded","section":"Shading Mode"},"sceneLighting":true,"audioPlay":false,"sceneViewState":{"m_AlwaysRefresh":false,"showFog":true,"showSkybox":true,"showFlares":true,"showImageEffects":true,"showParticleSystems":true,"showVisualEffectGraphs":true,"m_FxEnabled":true},"in2DMode":false,"pivot":{"x":0.017372488975524904,"y":0.7235820293426514,"z":-0.40596723556518557},"rotation":{"x":-0.060689203441143039,"y":-0.9391043186187744,"z":0.2493223249912262,"w":-0.22861038148403169},"size":48.79267883300781,"orthographic":true}