{"cameraMode":{"drawMode":0,"name":"Shaded","section":"Shading Mode"},"sceneLighting":true,"audioPlay":false,"sceneViewState":{"m_AlwaysRefresh":false,"showFog":true,"showSkybox":true,"showFlares":true,"showImageEffects":true,"showParticleSystems":true,"showVisualEffectGraphs":true,"m_FxEnabled":true},"in2DMode":false,"pivot":{"x":36.522789001464847,"y":34.82239532470703,"z":-6.086879730224609},"rotation":{"x":0.2564547061920166,"y":-0.03368441015481949,"z":0.008896088227629662,"w":0.9659847617149353},"size":63.90669631958008,"orthographic":true}