{"cameraMode":{"drawMode":0,"name":"Shaded","section":"Shading Mode"},"sceneLighting":true,"audioPlay":false,"sceneViewState":{"m_AlwaysRefresh":false,"showFog":true,"showSkybox":true,"showFlares":true,"showImageEffects":true,"showParticleSystems":true,"showVisualEffectGraphs":true,"m_FxEnabled":true},"in2DMode":false,"pivot":{"x":77.08104705810547,"y":0.5002846121788025,"z":-17.622516632080079},"rotation":{"x":0.5670657157897949,"y":-0.27329355478286745,"z":0.20689517259597779,"w":0.7490460276603699},"size":3.1590452194213869,"orthographic":true}