{"cameraMode":{"drawMode":0,"name":"Shaded","section":"Shading Mode"},"sceneLighting":true,"audioPlay":false,"sceneViewState":{"m_AlwaysRefresh":false,"showFog":true,"showSkybox":true,"showFlares":true,"showImageEffects":true,"showParticleSystems":true,"showVisualEffectGraphs":true,"m_FxEnabled":true},"in2DMode":false,"pivot":{"x":24.73678970336914,"y":10.657423973083496,"z":-19.94124984741211},"rotation":{"x":0.0016389115480706096,"y":-0.9859203100204468,"z":0.16720755398273469,"w":0.009122425690293312},"size":4.030214309692383,"orthographic":true}